{
    "openapi": "3.0.1",
    "info": {
        "version": "1.3.0",
        "title": "Users",
        "description": "User management API",
        "termsOfService": "http://api_url/terms/"
    },
    "servers": [
        {
            "url": "http://localhost:4000/api/users",
            "description": "Local server"
        }
    ],
    "tags": [
        {
            "name": "User Management"
        }
    ],
    "paths": {
        "/addUser": {
            "post": {
                "summary": "Register a new User",
                "tags": [
                    "User Management"
                ],
                "description": "Save the User",
                "parameters": [],
                "requestBody": {
                    "content": {
                        "application/json": {
                            "schema": {
                                "$ref": "#/components/schemas/User"
                            }
                        }
                    },
                    "required": true
                },
                "responses": {
                    "200": {
                        "description": "successful operation"
                    },
                    "400": {
                        "description": "Invalid status value"
                    }
                }
            }
        },
        "/getUserById/{id}": {
            "get": {
                "tags": [
                    "User Management"
                ],
                "summary": "Find User by ID",
                "description": "Returns a single User",
                "parameters": [
                    {
                        "name": "id",
                        "in": "path",
                        "description": "ID of user to return",
                        "required": true,
                        "schema": {
                            "$ref": "#/components/schemas/User"
                        }
                    }
                ],
                "responses": {
                    "200": {
                        "description": "successful operation"
                    },
                    "400": {
                        "description": "Invalid data supplied"
                    }
                }
            }
        },
        "/getUsers": {
            "get": {
                "tags": [
                    "User Management"
                ],
                "summary": "Get All Users",
                "description": "Get users",
                "operationId": "getUsers",
                "parameters": [],
                "responses": {
                    "200": {
                        "description": "Users were obtained",
                        "content": {
                            "application/json": {
                                "schema": {
                                    "$ref": "#/components/schemas/User"
                                }
                            }
                        }
                    },
                    "400": {
                        "description": "Data not found"
                    }
                }
            }
        },
        "/updateUser": {
            "patch": {
                "tags": [
                    "User Management"
                ],
                "summary": "Update email, phone and password of User",
                "description": "Update User ",
                "parameters": [],
                "requestBody": {
                    "content": {
                        "application/json": {
                            "schema": {
                                "$ref": "#/components/schemas/User"
                            }
                        }
                    }
                },
                "responses": {
                    "200": {
                        "description": "User updated"
                    },
                    "404": {
                        "description": "Not Found"
                    }
                }
            }
        },
        "/updateUsers": {
            "put": {
                "tags": [
                    "User Management"
                ],
                "summary": "Update the Users",
                "description": "Update User",
                "parameters": [],
                "requestBody": {
                    "content": {
                        "application/json": {
                            "schema": {
                                "$ref": "#/components/schemas/User"
                            }
                        }
                    }
                },
                "responses": {
                    "200": {
                        "description": "User updated"
                    },
                    "404": {
                        "description": "User not found"
                    }
                }
            }
        },
        "/deleteUser/{id}": {
            "delete": {
                "summary": "Delete the User",
                "description": "Delete the User",
                "tags": [
                    "User Management"
                ],
                "parameters": [
                    {
                        "name": "id",
                        "in": "path",
                        "description": "User id that needs to be deleted",
                        "required": true,
                        "schema": {
                            "$ref": "#/components/schemas/User"
                        }
                    }
                ],
                "responses": {
                    "200": {
                        "description": "successful operation"
                    },
                    "400": {
                        "description": "Invalid status value"
                    }
                }
            }
        },
        "/login": {
            "post": {
                "tags": [
                    "User Management"
                ],
                "summary": "Logs user into the system",
                "description": "",
                "operationId": "loginUser",
                "parameters": [],
                "requestBody": {
                    "content": {
                        "application/json": {
                            "schema": {
                                "$ref": "#/components/schemas/Login"
                            }
                        }
                    }
                },
                "responses": {
                    "200": {
                        "description": "successful operation",
                        "headers": {
                            "X-Rate-Limit": {
                                "description": "calls per hour allowed by the user",
                                "schema": {
                                    "$ref": "#/components/schemas/User"
                                }
                            },
                            "X-Expires-After": {
                                "description": "date in UTC when token expires",
                                "schema": {
                                    "$ref": "#/components/schemas/User"
                                }
                            }
                        }
                    },
                    "400": {
                        "description": "Invalid username/password supplied"
                    }
                }
            }
        }
    },
    "components": {
        "schemas": {
            "User": {
                "required": [
                    "id",
                    "first_name",
                    "last_name",
                    "dob",
                    "email",
                    "password",
                    "phone"
                ],
                "properties": {
                    "id": {
                        "type": "integer"
                    },
                    "first_name": {
                        "type": "string"
                    },
                    "last_name": {
                        "type": "string"
                    },
                    "dob": {
                        "type": "string"
                    },
                    "email": {
                        "type": "string"
                    },
                    "password": {
                        "type": "string"
                    },
                    "phone": {
                        "type": "string"
                    }
                }
            },
            "Login": {
                "required": [
                    "email",
                    "password"
                ],
                "properties": {
                    "email": {
                        "type": "string"
                    },
                    "password": {
                        "type": "string"
                    }
                }
            }
        }
    }
}